Frequency,AngleAttack,ChordLength,FreeStreamVelocity,SuctionSide,Sound
800,0.0,0.3048,71.3,0.00266337,126.20100000000001
1000,0.0,0.3048,71.3,0.00266337,125.20100000000001
1250,0.0,0.3048,71.3,0.00266337,125.95100000000001
1600,0.0,0.3048,71.3,0.00266337,127.59100000000001
2000,0.0,0.3048,71.3,0.00266337,127.461
2500,0.0,0.3048,71.3,0.00266337,125.571
3150,0.0,0.3048,71.3,0.00266337,125.20100000000001
4000,0.0,0.3048,71.3,0.00266337,123.061
5000,0.0,0.3048,71.3,0.00266337,121.301
6300,0.0,0.3048,71.3,0.00266337,119.541
8000,0.0,0.3048,71.3,0.00266337,117.15100000000001
10000,0.0,0.3048,71.3,0.00266337,115.391
12500,0.0,0.3048,71.3,0.00266337,112.241
16000,0.0,0.3048,71.3,0.00266337,108.721
500,0.0,0.3048,55.5,0.00283081,126.416
630,0.0,0.3048,55.5,0.00283081,127.696
800,0.0,0.3048,55.5,0.00283081,128.086
1000,0.0,0.3048,55.5,0.00283081,126.96600000000001
1250,0.0,0.3048,55.5,0.00283081,126.086
1600,0.0,0.3048,55.5,0.00283081,126.986
2000,0.0,0.3048,55.5,0.00283081,126.616
2500,0.0,0.3048,55.5,0.00283081,124.10600000000001
3150,0.0,0.3048,55.5,0.00283081,123.236
4000,0.0,0.3048,55.5,0.00283081,121.10600000000001
5000,0.0,0.3048,55.5,0.00283081,119.60600000000001
6300,0.0,0.3048,55.5,0.00283081,117.976
8000,0.0,0.3048,55.5,0.00283081,116.476
10000,0.0,0.3048,55.5,0.00283081,113.07600000000001
12500,0.0,0.3048,55.5,0.00283081,111.07600000000001
200,0.0,0.3048,39.6,0.00310138,118.12899999999999
250,0.0,0.3048,39.6,0.00310138,119.319
315,0.0,0.3048,39.6,0.00310138,122.779
400,0.0,0.3048,39.6,0.00310138,124.809
500,0.0,0.3048,39.6,0.00310138,126.959
630,0.0,0.3048,39.6,0.00310138,128.629
800,0.0,0.3048,39.6,0.00310138,129.099
1000,0.0,0.3048,39.6,0.00310138,127.899
1250,0.0,0.3048,39.6,0.00310138,125.499
1600,0.0,0.3048,39.6,0.00310138,124.04899999999999
2000,0.0,0.3048,39.6,0.00310138,123.689
2500,0.0,0.3048,39.6,0.00310138,121.399
3150,0.0,0.3048,39.6,0.00310138,120.319
4000,0.0,0.3048,39.6,0.00310138,119.229
5000,0.0,0.3048,39.6,0.00310138,117.789
6300,0.0,0.3048,39.6,0.00310138,116.229
8000,0.0,0.3048,39.6,0.00310138,114.779
10000,0.0,0.3048,39.6,0.00310138,112.139
12500,0.0,0.3048,39.6,0.00310138,109.619
200,0.0,0.3048,31.7,0.00331266,117.195
250,0.0,0.3048,31.7,0.00331266,118.595
315,0.0,0.3048,31.7,0.00331266,122.765
400,0.0,0.3048,31.7,0.00331266,125.045
500,0.0,0.3048,31.7,0.00331266,127.315
630,0.0,0.3048,31.7,0.00331266,129.095
800,0.0,0.3048,31.7,0.00331266,129.235
1000,0.0,0.3048,31.7,0.00331266,127.365
1250,0.0,0.3048,31.7,0.00331266,124.355
1600,0.0,0.3048,31.7,0.00331266,122.365
2000,0.0,0.3048,31.7,0.00331266,122.375
2500,0.0,0.3048,31.7,0.00331266,120.755
3150,0.0,0.3048,31.7,0.00331266,119.135
4000,0.0,0.3048,31.7,0.00331266,118.145
5000,0.0,0.3048,31.7,0.00331266,115.645
6300,0.0,0.3048,31.7,0.00331266,113.775
8000,0.0,0.3048,31.7,0.00331266,110.515
10000,0.0,0.3048,31.7,0.00331266,108.265
800,1.5,0.3048,71.3,0.00336729,127.12200000000001
1000,1.5,0.3048,71.3,0.00336729,125.992
1250,1.5,0.3048,71.3,0.00336729,125.87200000000001
1600,1.5,0.3048,71.3,0.00336729,126.632
2000,1.5,0.3048,71.3,0.00336729,126.64200000000001
2500,1.5,0.3048,71.3,0.00336729,124.512
3150,1.5,0.3048,71.3,0.00336729,123.39200000000001
4000,1.5,0.3048,71.3,0.00336729,121.762
5000,1.5,0.3048,71.3,0.00336729,119.632
6300,1.5,0.3048,71.3,0.00336729,118.12200000000001
8000,1.5,0.3048,71.3,0.00336729,115.37200000000001
10000,1.5,0.3048,71.3,0.00336729,113.492
12500,1.5,0.3048,71.3,0.00336729,109.22200000000001
16000,1.5,0.3048,71.3,0.00336729,106.58200000000001
315,1.5,0.3048,39.6,0.00392107,121.851
400,1.5,0.3048,39.6,0.00392107,124.001
500,1.5,0.3048,39.6,0.00392107,126.661
630,1.5,0.3048,39.6,0.00392107,128.311
800,1.5,0.3048,39.6,0.00392107,128.83100000000002
1000,1.5,0.3048,39.6,0.00392107,127.581
1250,1.5,0.3048,39.6,0.00392107,125.211
1600,1.5,0.3048,39.6,0.00392107,122.211
2000,1.5,0.3048,39.6,0.00392107,122.101
2500,1.5,0.3048,39.6,0.00392107,120.98100000000001
3150,1.5,0.3048,39.6,0.00392107,119.111
4000,1.5,0.3048,39.6,0.00392107,117.741
5000,1.5,0.3048,39.6,0.00392107,116.241
6300,1.5,0.3048,39.6,0.00392107,114.751
8000,1.5,0.3048,39.6,0.00392107,112.251
10000,1.5,0.3048,39.6,0.00392107,108.991
12500,1.5,0.3048,39.6,0.00392107,106.111
400,3.0,0.3048,71.3,0.00425727,127.564
500,3.0,0.3048,71.3,0.00425727,128.454
630,3.0,0.3048,71.3,0.00425727,129.35399999999998
800,3.0,0.3048,71.3,0.00425727,129.494
1000,3.0,0.3048,71.3,0.00425727,129.004
1250,3.0,0.3048,71.3,0.00425727,127.634
1600,3.0,0.3048,71.3,0.00425727,126.514
2000,3.0,0.3048,71.3,0.00425727,125.524
2500,3.0,0.3048,71.3,0.00425727,124.024
3150,3.0,0.3048,71.3,0.00425727,121.514
4000,3.0,0.3048,71.3,0.00425727,120.264
5000,3.0,0.3048,71.3,0.00425727,118.134
6300,3.0,0.3048,71.3,0.00425727,116.134
8000,3.0,0.3048,71.3,0.00425727,114.634
10000,3.0,0.3048,71.3,0.00425727,110.22399999999999
400,3.0,0.3048,55.5,0.00452492,126.15899999999999
500,3.0,0.3048,55.5,0.00452492,128.179
630,3.0,0.3048,55.5,0.00452492,129.569
800,3.0,0.3048,55.5,0.00452492,129.94899999999998
1000,3.0,0.3048,55.5,0.00452492,129.329
1250,3.0,0.3048,55.5,0.00452492,127.329
1600,3.0,0.3048,55.5,0.00452492,124.439
2000,3.0,0.3048,55.5,0.00452492,123.069
2500,3.0,0.3048,55.5,0.00452492,122.439
3150,3.0,0.3048,55.5,0.00452492,120.189
4000,3.0,0.3048,55.5,0.00452492,118.689
5000,3.0,0.3048,55.5,0.00452492,117.309
6300,3.0,0.3048,55.5,0.00452492,115.679
8000,3.0,0.3048,55.5,0.00452492,113.79899999999999
10000,3.0,0.3048,55.5,0.00452492,112.169
315,3.0,0.3048,39.6,0.00495741,123.31200000000001
400,3.0,0.3048,39.6,0.00495741,125.47200000000001
500,3.0,0.3048,39.6,0.00495741,127.632
630,3.0,0.3048,39.6,0.00495741,129.292
800,3.0,0.3048,39.6,0.00495741,129.55200000000002
1000,3.0,0.3048,39.6,0.00495741,128.312
1250,3.0,0.3048,39.6,0.00495741,125.802
1600,3.0,0.3048,39.6,0.00495741,122.78200000000001
2000,3.0,0.3048,39.6,0.00495741,120.53200000000001
2500,3.0,0.3048,39.6,0.00495741,120.162
3150,3.0,0.3048,39.6,0.00495741,118.92200000000001
4000,3.0,0.3048,39.6,0.00495741,116.792
5000,3.0,0.3048,39.6,0.00495741,115.792
6300,3.0,0.3048,39.6,0.00495741,114.042
8000,3.0,0.3048,39.6,0.00495741,110.652
315,3.0,0.3048,31.7,0.00529514,123.118
400,3.0,0.3048,31.7,0.00529514,125.398
500,3.0,0.3048,31.7,0.00529514,127.54799999999999
630,3.0,0.3048,31.7,0.00529514,128.69799999999998
800,3.0,0.3048,31.7,0.00529514,128.708
1000,3.0,0.3048,31.7,0.00529514,126.838
1250,3.0,0.3048,31.7,0.00529514,124.838
1600,3.0,0.3048,31.7,0.00529514,122.088
2000,3.0,0.3048,31.7,0.00529514,120.088
2500,3.0,0.3048,31.7,0.00529514,119.598
3150,3.0,0.3048,31.7,0.00529514,118.10799999999999
4000,3.0,0.3048,31.7,0.00529514,115.60799999999999
5000,3.0,0.3048,31.7,0.00529514,113.85799999999999
6300,3.0,0.3048,31.7,0.00529514,109.71799999999999
250,4.0,0.3048,71.3,0.00497773,126.395
315,4.0,0.3048,71.3,0.00497773,128.175
400,4.0,0.3048,71.3,0.00497773,129.575
500,4.0,0.3048,71.3,0.00497773,130.715
630,4.0,0.3048,71.3,0.00497773,131.615
800,4.0,0.3048,71.3,0.00497773,131.755
1000,4.0,0.3048,71.3,0.00497773,131.015
1250,4.0,0.3048,71.3,0.00497773,129.395
1600,4.0,0.3048,71.3,0.00497773,126.645
2000,4.0,0.3048,71.3,0.00497773,124.395
2500,4.0,0.3048,71.3,0.00497773,123.775
3150,4.0,0.3048,71.3,0.00497773,121.775
4000,4.0,0.3048,71.3,0.00497773,119.535
5000,4.0,0.3048,71.3,0.00497773,117.785
6300,4.0,0.3048,71.3,0.00497773,116.165
8000,4.0,0.3048,71.3,0.00497773,113.665
10000,4.0,0.3048,71.3,0.00497773,110.905
12500,4.0,0.3048,71.3,0.00497773,107.405
250,4.0,0.3048,39.6,0.00579636,123.54299999999999
315,4.0,0.3048,39.6,0.00579636,126.84299999999999
400,4.0,0.3048,39.6,0.00579636,128.63299999999998
500,4.0,0.3048,39.6,0.00579636,130.173
630,4.0,0.3048,39.6,0.00579636,131.07299999999998
800,4.0,0.3048,39.6,0.00579636,130.72299999999998
1000,4.0,0.3048,39.6,0.00579636,128.72299999999998
1250,4.0,0.3048,39.6,0.00579636,126.34299999999999
1600,4.0,0.3048,39.6,0.00579636,123.213
2000,4.0,0.3048,39.6,0.00579636,120.963
2500,4.0,0.3048,39.6,0.00579636,120.23299999999999
3150,4.0,0.3048,39.6,0.00579636,118.743
4000,4.0,0.3048,39.6,0.00579636,115.863
5000,4.0,0.3048,39.6,0.00579636,113.73299999999999
1250,0.0,0.2286,71.3,0.00214345,128.144
1600,0.0,0.2286,71.3,0.00214345,129.134
2000,0.0,0.2286,71.3,0.00214345,128.244
2500,0.0,0.2286,71.3,0.00214345,128.35399999999998
3150,0.0,0.2286,71.3,0.00214345,127.834
4000,0.0,0.2286,71.3,0.00214345,125.824
5000,0.0,0.2286,71.3,0.00214345,124.304
6300,0.0,0.2286,71.3,0.00214345,122.044
8000,0.0,0.2286,71.3,0.00214345,118.024
10000,0.0,0.2286,71.3,0.00214345,118.134
12500,0.0,0.2286,71.3,0.00214345,117.624
16000,0.0,0.2286,71.3,0.00214345,114.984
20000,0.0,0.2286,71.3,0.00214345,114.47399999999999
315,0.0,0.2286,55.5,0.00229336,119.54
400,0.0,0.2286,55.5,0.00229336,121.66
500,0.0,0.2286,55.5,0.00229336,123.78
630,0.0,0.2286,55.5,0.00229336,126.16
800,0.0,0.2286,55.5,0.00229336,127.53
1000,0.0,0.2286,55.5,0.00229336,128.29
1250,0.0,0.2286,55.5,0.00229336,127.91
1600,0.0,0.2286,55.5,0.00229336,126.79
2000,0.0,0.2286,55.5,0.00229336,126.54
2500,0.0,0.2286,55.5,0.00229336,126.54
3150,0.0,0.2286,55.5,0.00229336,125.16
4000,0.0,0.2286,55.5,0.00229336,123.41
5000,0.0,0.2286,55.5,0.00229336,122.41
6300,0.0,0.2286,55.5,0.00229336,118.41
315,0.0,0.2286,39.6,0.00253511,121.055
400,0.0,0.2286,39.6,0.00253511,123.565
500,0.0,0.2286,39.6,0.00253511,126.195
630,0.0,0.2286,39.6,0.00253511,128.705
800,0.0,0.2286,39.6,0.00253511,130.205
1000,0.0,0.2286,39.6,0.00253511,130.435
1250,0.0,0.2286,39.6,0.00253511,129.395
1600,0.0,0.2286,39.6,0.00253511,127.095
2000,0.0,0.2286,39.6,0.00253511,125.305
2500,0.0,0.2286,39.6,0.00253511,125.025
3150,0.0,0.2286,39.6,0.00253511,124.625
4000,0.0,0.2286,39.6,0.00253511,123.465
5000,0.0,0.2286,39.6,0.00253511,122.175
6300,0.0,0.2286,39.6,0.00253511,117.465
315,0.0,0.2286,31.7,0.0027238,120.595
400,0.0,0.2286,31.7,0.0027238,123.635
500,0.0,0.2286,31.7,0.0027238,126.675
630,0.0,0.2286,31.7,0.0027238,129.465
800,0.0,0.2286,31.7,0.0027238,130.725
1000,0.0,0.2286,31.7,0.0027238,130.595
1250,0.0,0.2286,31.7,0.0027238,128.805
1600,0.0,0.2286,31.7,0.0027238,125.625
2000,0.0,0.2286,31.7,0.0027238,123.455
2500,0.0,0.2286,31.7,0.0027238,123.445
3150,0.0,0.2286,31.7,0.0027238,123.445
4000,0.0,0.2286,31.7,0.0027238,122.035
5000,0.0,0.2286,31.7,0.0027238,120.505
6300,0.0,0.2286,31.7,0.0027238,116.815
400,2.0,0.2286,71.3,0.00293031,125.116
500,2.0,0.2286,71.3,0.00293031,126.486
630,2.0,0.2286,71.3,0.00293031,127.35600000000001
800,2.0,0.2286,71.3,0.00293031,128.216
1000,2.0,0.2286,71.3,0.00293031,128.95600000000002
1250,2.0,0.2286,71.3,0.00293031,128.816
1600,2.0,0.2286,71.3,0.00293031,127.796
2000,2.0,0.2286,71.3,0.00293031,126.896
2500,2.0,0.2286,71.3,0.00293031,127.006
3150,2.0,0.2286,71.3,0.00293031,126.116
4000,2.0,0.2286,71.3,0.00293031,124.086
5000,2.0,0.2286,71.3,0.00293031,122.816
6300,2.0,0.2286,71.3,0.00293031,120.786
8000,2.0,0.2286,71.3,0.00293031,115.99600000000001
10000,2.0,0.2286,71.3,0.00293031,113.086
400,2.0,0.2286,55.5,0.00313525,122.292
500,2.0,0.2286,55.5,0.00313525,124.69200000000001
630,2.0,0.2286,55.5,0.00313525,126.84200000000001
800,2.0,0.2286,55.5,0.00313525,128.49200000000002
1000,2.0,0.2286,55.5,0.00313525,129.002
1250,2.0,0.2286,55.5,0.00313525,128.762
1600,2.0,0.2286,55.5,0.00313525,126.75200000000001
2000,2.0,0.2286,55.5,0.00313525,124.61200000000001
2500,2.0,0.2286,55.5,0.00313525,123.86200000000001
3150,2.0,0.2286,55.5,0.00313525,123.742
4000,2.0,0.2286,55.5,0.00313525,122.23200000000001
5000,2.0,0.2286,55.5,0.00313525,120.47200000000001
6300,2.0,0.2286,55.5,0.00313525,118.712
315,2.0,0.2286,39.6,0.00346574,120.137
400,2.0,0.2286,39.6,0.00346574,122.147
500,2.0,0.2286,39.6,0.00346574,125.15700000000001
630,2.0,0.2286,39.6,0.00346574,127.417
800,2.0,0.2286,39.6,0.00346574,129.037
1000,2.0,0.2286,39.6,0.00346574,129.14700000000002
1250,2.0,0.2286,39.6,0.00346574,128.257
1600,2.0,0.2286,39.6,0.00346574,125.837
2000,2.0,0.2286,39.6,0.00346574,122.79700000000001
2500,2.0,0.2286,39.6,0.00346574,121.397
3150,2.0,0.2286,39.6,0.00346574,121.62700000000001
4000,2.0,0.2286,39.6,0.00346574,120.227
5000,2.0,0.2286,39.6,0.00346574,118.82700000000001
6300,2.0,0.2286,39.6,0.00346574,116.417
315,2.0,0.2286,31.7,0.00372371,120.147
400,2.0,0.2286,31.7,0.00372371,123.417
500,2.0,0.2286,31.7,0.00372371,126.677
630,2.0,0.2286,31.7,0.00372371,129.05700000000002
800,2.0,0.2286,31.7,0.00372371,130.30700000000002
1000,2.0,0.2286,31.7,0.00372371,130.30700000000002
1250,2.0,0.2286,31.7,0.00372371,128.67700000000002
1600,2.0,0.2286,31.7,0.00372371,125.79700000000001
2000,2.0,0.2286,31.7,0.00372371,123.037
2500,2.0,0.2286,31.7,0.00372371,121.40700000000001
3150,2.0,0.2286,31.7,0.00372371,121.527
4000,2.0,0.2286,31.7,0.00372371,120.527
5000,2.0,0.2286,31.7,0.00372371,118.26700000000001
6300,2.0,0.2286,31.7,0.00372371,115.137
500,4.0,0.2286,71.3,0.00400603,126.758
630,4.0,0.2286,71.3,0.00400603,129.03799999999998
800,4.0,0.2286,71.3,0.00400603,130.688
1000,4.0,0.2286,71.3,0.00400603,131.708
1250,4.0,0.2286,71.3,0.00400603,131.718
1600,4.0,0.2286,71.3,0.00400603,129.468
2000,4.0,0.2286,71.3,0.00400603,126.21799999999999
2500,4.0,0.2286,71.3,0.00400603,124.338
3150,4.0,0.2286,71.3,0.00400603,124.10799999999999
4000,4.0,0.2286,71.3,0.00400603,121.728
5000,4.0,0.2286,71.3,0.00400603,121.118
6300,4.0,0.2286,71.3,0.00400603,118.618
8000,4.0,0.2286,71.3,0.00400603,112.848
10000,4.0,0.2286,71.3,0.00400603,113.10799999999999
12500,4.0,0.2286,71.3,0.00400603,114.258
16000,4.0,0.2286,71.3,0.00400603,112.76799999999999
20000,4.0,0.2286,71.3,0.00400603,109.63799999999999
400,4.0,0.2286,55.5,0.0042861999999999996,123.274
500,4.0,0.2286,55.5,0.0042861999999999996,127.314
630,4.0,0.2286,55.5,0.0042861999999999996,129.964
800,4.0,0.2286,55.5,0.0042861999999999996,131.864
1000,4.0,0.2286,55.5,0.0042861999999999996,132.134
1250,4.0,0.2286,55.5,0.0042861999999999996,131.264
1600,4.0,0.2286,55.5,0.0042861999999999996,128.264
2000,4.0,0.2286,55.5,0.0042861999999999996,124.25399999999999
2500,4.0,0.2286,55.5,0.0042861999999999996,122.384
3150,4.0,0.2286,55.5,0.0042861999999999996,122.39399999999999
4000,4.0,0.2286,55.5,0.0042861999999999996,120.654
5000,4.0,0.2286,55.5,0.0042861999999999996,120.03399999999999
6300,4.0,0.2286,55.5,0.0042861999999999996,117.154
8000,4.0,0.2286,55.5,0.0042861999999999996,112.524
315,4.0,0.2286,39.6,0.00473801,122.229
400,4.0,0.2286,39.6,0.00473801,123.87899999999999
500,4.0,0.2286,39.6,0.00473801,127.039
630,4.0,0.2286,39.6,0.00473801,129.579
800,4.0,0.2286,39.6,0.00473801,130.469
1000,4.0,0.2286,39.6,0.00473801,129.969
1250,4.0,0.2286,39.6,0.00473801,128.339
1600,4.0,0.2286,39.6,0.00473801,125.319
2000,4.0,0.2286,39.6,0.00473801,121.65899999999999
2500,4.0,0.2286,39.6,0.00473801,119.649
3150,4.0,0.2286,39.6,0.00473801,120.419
4000,4.0,0.2286,39.6,0.00473801,119.15899999999999
5000,4.0,0.2286,39.6,0.00473801,117.649
6300,4.0,0.2286,39.6,0.00473801,114.249
8000,4.0,0.2286,39.6,0.00473801,113.12899999999999
250,4.0,0.2286,31.7,0.00509068,120.189
315,4.0,0.2286,31.7,0.00509068,123.609
400,4.0,0.2286,31.7,0.00509068,126.149
500,4.0,0.2286,31.7,0.00509068,128.939
630,4.0,0.2286,31.7,0.00509068,130.349
800,4.0,0.2286,31.7,0.00509068,130.869
1000,4.0,0.2286,31.7,0.00509068,129.869
1250,4.0,0.2286,31.7,0.00509068,128.119
1600,4.0,0.2286,31.7,0.00509068,125.229
2000,4.0,0.2286,31.7,0.00509068,122.089
2500,4.0,0.2286,31.7,0.00509068,120.209
3150,4.0,0.2286,31.7,0.00509068,120.229
4000,4.0,0.2286,31.7,0.00509068,118.859
5000,4.0,0.2286,31.7,0.00509068,115.969
6300,4.0,0.2286,31.7,0.00509068,112.699
400,5.3,0.2286,71.3,0.0051942,127.7
500,5.3,0.2286,71.3,0.0051942,129.88
630,5.3,0.2286,71.3,0.0051942,131.8
800,5.3,0.2286,71.3,0.0051942,133.48
1000,5.3,0.2286,71.3,0.0051942,134.0
1250,5.3,0.2286,71.3,0.0051942,133.38
1600,5.3,0.2286,71.3,0.0051942,130.46
2000,5.3,0.2286,71.3,0.0051942,125.89
2500,5.3,0.2286,71.3,0.0051942,123.74
3150,5.3,0.2286,71.3,0.0051942,123.12
4000,5.3,0.2286,71.3,0.0051942,120.33
5000,5.3,0.2286,71.3,0.0051942,118.05
6300,5.3,0.2286,71.3,0.0051942,116.92
8000,5.3,0.2286,71.3,0.0051942,114.9
10000,5.3,0.2286,71.3,0.0051942,111.35
250,5.3,0.2286,39.6,0.00614329,127.01100000000001
315,5.3,0.2286,39.6,0.00614329,129.691
400,5.3,0.2286,39.6,0.00614329,131.221
500,5.3,0.2286,39.6,0.00614329,132.251
630,5.3,0.2286,39.6,0.00614329,132.011
800,5.3,0.2286,39.6,0.00614329,129.491
1000,5.3,0.2286,39.6,0.00614329,125.581
1250,5.3,0.2286,39.6,0.00614329,125.721
1600,5.3,0.2286,39.6,0.00614329,123.081
2000,5.3,0.2286,39.6,0.00614329,117.911
2500,5.3,0.2286,39.6,0.00614329,116.15100000000001
3150,5.3,0.2286,39.6,0.00614329,118.441
4000,5.3,0.2286,39.6,0.00614329,115.801
5000,5.3,0.2286,39.6,0.00614329,115.311
6300,5.3,0.2286,39.6,0.00614329,112.541
200,7.3,0.2286,71.3,0.010440399999999999,138.75799999999998
250,7.3,0.2286,71.3,0.010440399999999999,139.918
315,7.3,0.2286,71.3,0.010440399999999999,139.808
400,7.3,0.2286,71.3,0.010440399999999999,139.438
500,7.3,0.2286,71.3,0.010440399999999999,136.798
630,7.3,0.2286,71.3,0.010440399999999999,133.768
800,7.3,0.2286,71.3,0.010440399999999999,130.748
1000,7.3,0.2286,71.3,0.010440399999999999,126.838
1250,7.3,0.2286,71.3,0.010440399999999999,127.35799999999999
1600,7.3,0.2286,71.3,0.010440399999999999,125.728
2000,7.3,0.2286,71.3,0.010440399999999999,122.708
2500,7.3,0.2286,71.3,0.010440399999999999,122.088
3150,7.3,0.2286,71.3,0.010440399999999999,120.458
4000,7.3,0.2286,71.3,0.010440399999999999,119.208
5000,7.3,0.2286,71.3,0.010440399999999999,115.29799999999999
6300,7.3,0.2286,71.3,0.010440399999999999,115.818
200,7.3,0.2286,55.5,0.011170600000000001,135.234
250,7.3,0.2286,55.5,0.011170600000000001,136.384
315,7.3,0.2286,55.5,0.011170600000000001,136.284
400,7.3,0.2286,55.5,0.011170600000000001,135.924
500,7.3,0.2286,55.5,0.011170600000000001,133.174
630,7.3,0.2286,55.5,0.011170600000000001,130.934
800,7.3,0.2286,55.5,0.011170600000000001,128.444
1000,7.3,0.2286,55.5,0.011170600000000001,125.194
1250,7.3,0.2286,55.5,0.011170600000000001,125.72399999999999
1600,7.3,0.2286,55.5,0.011170600000000001,123.354
2000,7.3,0.2286,55.5,0.011170600000000001,120.354
2500,7.3,0.2286,55.5,0.011170600000000001,118.994
3150,7.3,0.2286,55.5,0.011170600000000001,117.134
4000,7.3,0.2286,55.5,0.011170600000000001,117.28399999999999
5000,7.3,0.2286,55.5,0.011170600000000001,113.14399999999999
6300,7.3,0.2286,55.5,0.011170600000000001,111.53399999999999
200,7.3,0.2286,39.6,0.0123481,130.989
250,7.3,0.2286,39.6,0.0123481,131.889
315,7.3,0.2286,39.6,0.0123481,132.149
400,7.3,0.2286,39.6,0.0123481,132.039
500,7.3,0.2286,39.6,0.0123481,130.299
630,7.3,0.2286,39.6,0.0123481,128.929
800,7.3,0.2286,39.6,0.0123481,126.29899999999999
1000,7.3,0.2286,39.6,0.0123481,122.539
1250,7.3,0.2286,39.6,0.0123481,123.189
1600,7.3,0.2286,39.6,0.0123481,121.059
2000,7.3,0.2286,39.6,0.0123481,117.809
2500,7.3,0.2286,39.6,0.0123481,116.559
3150,7.3,0.2286,39.6,0.0123481,114.309
4000,7.3,0.2286,39.6,0.0123481,114.079
5000,7.3,0.2286,39.6,0.0123481,111.959
6300,7.3,0.2286,39.6,0.0123481,110.839
200,7.3,0.2286,31.7,0.0132672,128.679
250,7.3,0.2286,31.7,0.0132672,130.089
315,7.3,0.2286,31.7,0.0132672,130.239
400,7.3,0.2286,31.7,0.0132672,130.269
500,7.3,0.2286,31.7,0.0132672,128.16899999999998
630,7.3,0.2286,31.7,0.0132672,126.189
800,7.3,0.2286,31.7,0.0132672,123.209
1000,7.3,0.2286,31.7,0.0132672,119.09899999999999
1250,7.3,0.2286,31.7,0.0132672,120.509
1600,7.3,0.2286,31.7,0.0132672,119.039
2000,7.3,0.2286,31.7,0.0132672,115.309
2500,7.3,0.2286,31.7,0.0132672,114.709
3150,7.3,0.2286,31.7,0.0132672,113.229
4000,7.3,0.2286,31.7,0.0132672,112.639
5000,7.3,0.2286,31.7,0.0132672,111.029
6300,7.3,0.2286,31.7,0.0132672,110.689
800,0.0,0.1524,71.3,0.0015988,125.81700000000001
1000,0.0,0.1524,71.3,0.0015988,127.307
1250,0.0,0.1524,71.3,0.0015988,128.92700000000002
1600,0.0,0.1524,71.3,0.0015988,129.667
2000,0.0,0.1524,71.3,0.0015988,128.64700000000002
2500,0.0,0.1524,71.3,0.0015988,128.127
3150,0.0,0.1524,71.3,0.0015988,129.377
4000,0.0,0.1524,71.3,0.0015988,128.857
5000,0.0,0.1524,71.3,0.0015988,126.45700000000001
6300,0.0,0.1524,71.3,0.0015988,125.427
8000,0.0,0.1524,71.3,0.0015988,122.527
10000,0.0,0.1524,71.3,0.0015988,120.24700000000001
12500,0.0,0.1524,71.3,0.0015988,117.087
16000,0.0,0.1524,71.3,0.0015988,113.29700000000001
500,0.0,0.1524,55.5,0.00172668,120.573
630,0.0,0.1524,55.5,0.00172668,123.583
800,0.0,0.1524,55.5,0.00172668,126.713
1000,0.0,0.1524,55.5,0.00172668,128.583
1250,0.0,0.1524,55.5,0.00172668,129.953
1600,0.0,0.1524,55.5,0.00172668,130.183
2000,0.0,0.1524,55.5,0.00172668,129.673
2500,0.0,0.1524,55.5,0.00172668,127.76299999999999
3150,0.0,0.1524,55.5,0.00172668,127.75299999999999
4000,0.0,0.1524,55.5,0.00172668,127.23299999999999
5000,0.0,0.1524,55.5,0.00172668,125.20299999999999
6300,0.0,0.1524,55.5,0.00172668,123.303
8000,0.0,0.1524,55.5,0.00172668,121.90299999999999
10000,0.0,0.1524,55.5,0.00172668,119.25299999999999
12500,0.0,0.1524,55.5,0.00172668,117.09299999999999
16000,0.0,0.1524,55.5,0.00172668,112.803
500,0.0,0.1524,39.6,0.00193287,119.51299999999999
630,0.0,0.1524,39.6,0.00193287,124.40299999999999
800,0.0,0.1524,39.6,0.00193287,127.90299999999999
1000,0.0,0.1524,39.6,0.00193287,130.033
1250,0.0,0.1524,39.6,0.00193287,131.023
1600,0.0,0.1524,39.6,0.00193287,131.013
2000,0.0,0.1524,39.6,0.00193287,129.63299999999998
2500,0.0,0.1524,39.6,0.00193287,126.863
3150,0.0,0.1524,39.6,0.00193287,125.603
4000,0.0,0.1524,39.6,0.00193287,125.34299999999999
5000,0.0,0.1524,39.6,0.00193287,123.45299999999999
6300,0.0,0.1524,39.6,0.00193287,121.31299999999999
8000,0.0,0.1524,39.6,0.00193287,120.553
10000,0.0,0.1524,39.6,0.00193287,115.413
500,0.0,0.1524,31.7,0.00209405,121.617
630,0.0,0.1524,31.7,0.00209405,125.99700000000001
800,0.0,0.1524,31.7,0.00209405,129.11700000000002
1000,0.0,0.1524,31.7,0.00209405,130.987
1250,0.0,0.1524,31.7,0.00209405,131.467
1600,0.0,0.1524,31.7,0.00209405,130.817
2000,0.0,0.1524,31.7,0.00209405,128.907
2500,0.0,0.1524,31.7,0.00209405,125.867
3150,0.0,0.1524,31.7,0.00209405,124.20700000000001
4000,0.0,0.1524,31.7,0.00209405,123.807
5000,0.0,0.1524,31.7,0.00209405,122.397
6300,0.0,0.1524,31.7,0.00209405,119.73700000000001
8000,0.0,0.1524,31.7,0.00209405,117.95700000000001
630,2.7,0.1524,71.3,0.00243851,127.404
800,2.7,0.1524,71.3,0.00243851,127.39399999999999
1000,2.7,0.1524,71.3,0.00243851,128.774
1250,2.7,0.1524,71.3,0.00243851,130.144
1600,2.7,0.1524,71.3,0.00243851,130.644
2000,2.7,0.1524,71.3,0.00243851,130.114
2500,2.7,0.1524,71.3,0.00243851,128.334
3150,2.7,0.1524,71.3,0.00243851,127.054
4000,2.7,0.1524,71.3,0.00243851,126.53399999999999
5000,2.7,0.1524,71.3,0.00243851,124.36399999999999
6300,2.7,0.1524,71.3,0.00243851,121.944
8000,2.7,0.1524,71.3,0.00243851,120.53399999999999
10000,2.7,0.1524,71.3,0.00243851,116.72399999999999
12500,2.7,0.1524,71.3,0.00243851,113.03399999999999
16000,2.7,0.1524,71.3,0.00243851,110.36399999999999
500,2.7,0.1524,39.6,0.00294804,121.009
630,2.7,0.1524,39.6,0.00294804,125.809
800,2.7,0.1524,39.6,0.00294804,128.829
1000,2.7,0.1524,39.6,0.00294804,130.589
1250,2.7,0.1524,39.6,0.00294804,130.829
1600,2.7,0.1524,39.6,0.00294804,130.049
2000,2.7,0.1524,39.6,0.00294804,128.139
2500,2.7,0.1524,39.6,0.00294804,125.589
3150,2.7,0.1524,39.6,0.00294804,122.919
4000,2.7,0.1524,39.6,0.00294804,121.889
5000,2.7,0.1524,39.6,0.00294804,121.499
6300,2.7,0.1524,39.6,0.00294804,119.209
8000,2.7,0.1524,39.6,0.00294804,116.65899999999999
10000,2.7,0.1524,39.6,0.00294804,112.589
12500,2.7,0.1524,39.6,0.00294804,108.649
400,5.4,0.1524,71.3,0.00401199,124.12100000000001
500,5.4,0.1524,71.3,0.00401199,126.291
630,5.4,0.1524,71.3,0.00401199,128.971
800,5.4,0.1524,71.3,0.00401199,131.281
1000,5.4,0.1524,71.3,0.00401199,133.201
1250,5.4,0.1524,71.3,0.00401199,134.111
1600,5.4,0.1524,71.3,0.00401199,133.241
2000,5.4,0.1524,71.3,0.00401199,131.111
2500,5.4,0.1524,71.3,0.00401199,127.59100000000001
3150,5.4,0.1524,71.3,0.00401199,123.311
4000,5.4,0.1524,71.3,0.00401199,121.431
5000,5.4,0.1524,71.3,0.00401199,120.061
6300,5.4,0.1524,71.3,0.00401199,116.411
400,5.4,0.1524,55.5,0.00433288,126.807
500,5.4,0.1524,55.5,0.00433288,129.36700000000002
630,5.4,0.1524,55.5,0.00433288,131.80700000000002
800,5.4,0.1524,55.5,0.00433288,133.097
1000,5.4,0.1524,55.5,0.00433288,132.127
1250,5.4,0.1524,55.5,0.00433288,130.77700000000002
1600,5.4,0.1524,55.5,0.00433288,130.567
2000,5.4,0.1524,55.5,0.00433288,128.707
2500,5.4,0.1524,55.5,0.00433288,124.07700000000001
3150,5.4,0.1524,55.5,0.00433288,121.587
4000,5.4,0.1524,55.5,0.00433288,119.73700000000001
5000,5.4,0.1524,55.5,0.00433288,118.757
6300,5.4,0.1524,55.5,0.00433288,117.287
8000,5.4,0.1524,55.5,0.00433288,114.927
315,5.4,0.1524,39.6,0.00485029,125.34700000000001
400,5.4,0.1524,39.6,0.00485029,127.637
500,5.4,0.1524,39.6,0.00485029,129.937
630,5.4,0.1524,39.6,0.00485029,132.357
800,5.4,0.1524,39.6,0.00485029,132.757
1000,5.4,0.1524,39.6,0.00485029,130.507
1250,5.4,0.1524,39.6,0.00485029,127.117
1600,5.4,0.1524,39.6,0.00485029,126.26700000000001
2000,5.4,0.1524,39.6,0.00485029,124.647
2500,5.4,0.1524,39.6,0.00485029,120.49700000000001
3150,5.4,0.1524,39.6,0.00485029,119.137
4000,5.4,0.1524,39.6,0.00485029,117.137
5000,5.4,0.1524,39.6,0.00485029,117.037
6300,5.4,0.1524,39.6,0.00485029,116.677
315,5.4,0.1524,31.7,0.00525474,125.741
400,5.4,0.1524,31.7,0.00525474,127.781
500,5.4,0.1524,31.7,0.00525474,129.681
630,5.4,0.1524,31.7,0.00525474,131.471
800,5.4,0.1524,31.7,0.00525474,131.491
1000,5.4,0.1524,31.7,0.00525474,128.241
1250,5.4,0.1524,31.7,0.00525474,123.991
1600,5.4,0.1524,31.7,0.00525474,123.76100000000001
2000,5.4,0.1524,31.7,0.00525474,122.771
2500,5.4,0.1524,31.7,0.00525474,119.15100000000001
3150,5.4,0.1524,31.7,0.00525474,118.291
4000,5.4,0.1524,31.7,0.00525474,116.181
5000,5.4,0.1524,31.7,0.00525474,115.691
6300,5.4,0.1524,31.7,0.00525474,115.59100000000001
315,7.2,0.1524,71.3,0.00752039,128.713
400,7.2,0.1524,71.3,0.00752039,130.123
500,7.2,0.1524,71.3,0.00752039,132.043
630,7.2,0.1524,71.3,0.00752039,134.85299999999998
800,7.2,0.1524,71.3,0.00752039,136.023
1000,7.2,0.1524,71.3,0.00752039,134.273
1250,7.2,0.1524,71.3,0.00752039,132.513
1600,7.2,0.1524,71.3,0.00752039,130.893
2000,7.2,0.1524,71.3,0.00752039,128.643
2500,7.2,0.1524,71.3,0.00752039,124.353
3150,7.2,0.1524,71.3,0.00752039,116.78299999999999
4000,7.2,0.1524,71.3,0.00752039,119.34299999999999
5000,7.2,0.1524,71.3,0.00752039,118.34299999999999
6300,7.2,0.1524,71.3,0.00752039,116.603
8000,7.2,0.1524,71.3,0.00752039,113.333
10000,7.2,0.1524,71.3,0.00752039,110.31299999999999
250,7.2,0.1524,39.6,0.00909175,127.488
315,7.2,0.1524,39.6,0.00909175,130.558
400,7.2,0.1524,39.6,0.00909175,132.118
500,7.2,0.1524,39.6,0.00909175,132.658
630,7.2,0.1524,39.6,0.00909175,133.19799999999998
800,7.2,0.1524,39.6,0.00909175,132.358
1000,7.2,0.1524,39.6,0.00909175,128.338
1250,7.2,0.1524,39.6,0.00909175,122.428
1600,7.2,0.1524,39.6,0.00909175,120.05799999999999
2000,7.2,0.1524,39.6,0.00909175,120.228
2500,7.2,0.1524,39.6,0.00909175,117.478
3150,7.2,0.1524,39.6,0.00909175,111.818
4000,7.2,0.1524,39.6,0.00909175,114.258
5000,7.2,0.1524,39.6,0.00909175,113.288
6300,7.2,0.1524,39.6,0.00909175,112.68799999999999
8000,7.2,0.1524,39.6,0.00909175,111.588
10000,7.2,0.1524,39.6,0.00909175,110.868
200,9.9,0.1524,71.3,0.019300099999999997,134.319
250,9.9,0.1524,71.3,0.019300099999999997,135.329
315,9.9,0.1524,71.3,0.019300099999999997,135.459
400,9.9,0.1524,71.3,0.019300099999999997,135.079
500,9.9,0.1524,71.3,0.019300099999999997,131.279
630,9.9,0.1524,71.3,0.019300099999999997,129.889
800,9.9,0.1524,71.3,0.019300099999999997,128.879
1000,9.9,0.1524,71.3,0.019300099999999997,126.34899999999999
1250,9.9,0.1524,71.3,0.019300099999999997,122.679
1600,9.9,0.1524,71.3,0.019300099999999997,121.789
2000,9.9,0.1524,71.3,0.019300099999999997,120.779
2500,9.9,0.1524,71.3,0.019300099999999997,119.639
3150,9.9,0.1524,71.3,0.019300099999999997,116.84899999999999
4000,9.9,0.1524,71.3,0.019300099999999997,115.079
5000,9.9,0.1524,71.3,0.019300099999999997,114.569
6300,9.9,0.1524,71.3,0.019300099999999997,112.039
200,9.9,0.1524,55.5,0.0208438,131.955
250,9.9,0.1524,55.5,0.0208438,133.235
315,9.9,0.1524,55.5,0.0208438,132.355
400,9.9,0.1524,55.5,0.0208438,131.605
500,9.9,0.1524,55.5,0.0208438,127.815
630,9.9,0.1524,55.5,0.0208438,127.315
800,9.9,0.1524,55.5,0.0208438,126.565
1000,9.9,0.1524,55.5,0.0208438,124.665
1250,9.9,0.1524,55.5,0.0208438,121.635
1600,9.9,0.1524,55.5,0.0208438,119.875
2000,9.9,0.1524,55.5,0.0208438,119.505
2500,9.9,0.1524,55.5,0.0208438,118.365
3150,9.9,0.1524,55.5,0.0208438,115.085
4000,9.9,0.1524,55.5,0.0208438,112.945
5000,9.9,0.1524,55.5,0.0208438,112.065
6300,9.9,0.1524,55.5,0.0208438,110.555
200,9.9,0.1524,39.6,0.0233328,127.315
250,9.9,0.1524,39.6,0.0233328,128.335
315,9.9,0.1524,39.6,0.0233328,128.595
400,9.9,0.1524,39.6,0.0233328,128.345
500,9.9,0.1524,39.6,0.0233328,126.835
630,9.9,0.1524,39.6,0.0233328,126.465
800,9.9,0.1524,39.6,0.0233328,126.345
1000,9.9,0.1524,39.6,0.0233328,123.835
1250,9.9,0.1524,39.6,0.0233328,120.555
1600,9.9,0.1524,39.6,0.0233328,118.545
2000,9.9,0.1524,39.6,0.0233328,117.925
2500,9.9,0.1524,39.6,0.0233328,116.295
3150,9.9,0.1524,39.6,0.0233328,113.525
4000,9.9,0.1524,39.6,0.0233328,112.265
5000,9.9,0.1524,39.6,0.0233328,111.135
6300,9.9,0.1524,39.6,0.0233328,109.885
200,9.9,0.1524,31.7,0.0252785,127.29899999999999
250,9.9,0.1524,31.7,0.0252785,128.559
315,9.9,0.1524,31.7,0.0252785,128.809
400,9.9,0.1524,31.7,0.0252785,128.939
500,9.9,0.1524,31.7,0.0252785,127.179
630,9.9,0.1524,31.7,0.0252785,126.04899999999999
800,9.9,0.1524,31.7,0.0252785,125.539
1000,9.9,0.1524,31.7,0.0252785,122.149
1250,9.9,0.1524,31.7,0.0252785,118.619
1600,9.9,0.1524,31.7,0.0252785,117.119
2000,9.9,0.1524,31.7,0.0252785,116.859
2500,9.9,0.1524,31.7,0.0252785,114.729
3150,9.9,0.1524,31.7,0.0252785,112.209
4000,9.9,0.1524,31.7,0.0252785,111.459
5000,9.9,0.1524,31.7,0.0252785,109.949
6300,9.9,0.1524,31.7,0.0252785,108.689
200,12.6,0.1524,71.3,0.0483159,128.35399999999998
250,12.6,0.1524,71.3,0.0483159,129.744
315,12.6,0.1524,71.3,0.0483159,128.484
400,12.6,0.1524,71.3,0.0483159,127.094
500,12.6,0.1524,71.3,0.0483159,121.664
630,12.6,0.1524,71.3,0.0483159,123.304
800,12.6,0.1524,71.3,0.0483159,123.054
1000,12.6,0.1524,71.3,0.0483159,122.044
1250,12.6,0.1524,71.3,0.0483159,120.154
1600,12.6,0.1524,71.3,0.0483159,120.53399999999999
2000,12.6,0.1524,71.3,0.0483159,117.50399999999999
2500,12.6,0.1524,71.3,0.0483159,115.234
3150,12.6,0.1524,71.3,0.0483159,113.334
4000,12.6,0.1524,71.3,0.0483159,108.03399999999999
5000,12.6,0.1524,71.3,0.0483159,108.03399999999999
6300,12.6,0.1524,71.3,0.0483159,107.28399999999999
200,12.6,0.1524,39.6,0.058411300000000006,114.75
250,12.6,0.1524,39.6,0.058411300000000006,115.89
315,12.6,0.1524,39.6,0.058411300000000006,116.02
400,12.6,0.1524,39.6,0.058411300000000006,115.91
500,12.6,0.1524,39.6,0.058411300000000006,114.9
630,12.6,0.1524,39.6,0.058411300000000006,116.55
800,12.6,0.1524,39.6,0.058411300000000006,116.56
1000,12.6,0.1524,39.6,0.058411300000000006,114.67
1250,12.6,0.1524,39.6,0.058411300000000006,112.16
1600,12.6,0.1524,39.6,0.058411300000000006,110.78
2000,12.6,0.1524,39.6,0.058411300000000006,109.52
2500,12.6,0.1524,39.6,0.058411300000000006,106.88
3150,12.6,0.1524,39.6,0.058411300000000006,106.26
4000,12.6,0.1524,39.6,0.058411300000000006,104.5
5000,12.6,0.1524,39.6,0.058411300000000006,104.13
6300,12.6,0.1524,39.6,0.058411300000000006,103.38
800,0.0,0.0508,71.3,0.000740478,130.96
1000,0.0,0.0508,71.3,0.000740478,129.45
1250,0.0,0.0508,71.3,0.000740478,128.56
1600,0.0,0.0508,71.3,0.000740478,129.68
2000,0.0,0.0508,71.3,0.000740478,131.06
2500,0.0,0.0508,71.3,0.000740478,131.31
3150,0.0,0.0508,71.3,0.000740478,135.07
4000,0.0,0.0508,71.3,0.000740478,134.43
5000,0.0,0.0508,71.3,0.000740478,134.43
6300,0.0,0.0508,71.3,0.000740478,133.04
8000,0.0,0.0508,71.3,0.000740478,130.89
10000,0.0,0.0508,71.3,0.000740478,128.74
12500,0.0,0.0508,71.3,0.000740478,125.22
800,0.0,0.0508,55.5,0.00076193,124.336
1000,0.0,0.0508,55.5,0.00076193,125.586
1250,0.0,0.0508,55.5,0.00076193,127.07600000000001
1600,0.0,0.0508,55.5,0.00076193,128.576
2000,0.0,0.0508,55.5,0.00076193,131.45600000000002
2500,0.0,0.0508,55.5,0.00076193,133.95600000000002
3150,0.0,0.0508,55.5,0.00076193,134.826
4000,0.0,0.0508,55.5,0.00076193,134.946
5000,0.0,0.0508,55.5,0.00076193,134.556
6300,0.0,0.0508,55.5,0.00076193,132.796
8000,0.0,0.0508,55.5,0.00076193,130.156
10000,0.0,0.0508,55.5,0.00076193,127.63600000000001
12500,0.0,0.0508,55.5,0.00076193,125.376
800,0.0,0.0508,39.6,0.000791822,126.508
1000,0.0,0.0508,39.6,0.000791822,127.63799999999999
1250,0.0,0.0508,39.6,0.000791822,129.148
1600,0.0,0.0508,39.6,0.000791822,130.908
2000,0.0,0.0508,39.6,0.000791822,132.918
2500,0.0,0.0508,39.6,0.000791822,134.938
3150,0.0,0.0508,39.6,0.000791822,135.938
4000,0.0,0.0508,39.6,0.000791822,135.308
5000,0.0,0.0508,39.6,0.000791822,134.308
6300,0.0,0.0508,39.6,0.000791822,131.918
8000,0.0,0.0508,39.6,0.000791822,128.518
10000,0.0,0.0508,39.6,0.000791822,125.99799999999999
12500,0.0,0.0508,39.6,0.000791822,123.988
800,0.0,0.0508,31.7,0.000812164,122.79
1000,0.0,0.0508,31.7,0.000812164,126.78
1250,0.0,0.0508,31.7,0.000812164,129.27
1600,0.0,0.0508,31.7,0.000812164,131.01
2000,0.0,0.0508,31.7,0.000812164,133.01
2500,0.0,0.0508,31.7,0.000812164,134.87
3150,0.0,0.0508,31.7,0.000812164,135.49
4000,0.0,0.0508,31.7,0.000812164,134.11
5000,0.0,0.0508,31.7,0.000812164,133.23
6300,0.0,0.0508,31.7,0.000812164,130.34
8000,0.0,0.0508,31.7,0.000812164,126.59
10000,0.0,0.0508,31.7,0.000812164,122.45
12500,0.0,0.0508,31.7,0.000812164,119.07
1600,4.2,0.0508,71.3,0.00142788,124.318
2000,4.2,0.0508,71.3,0.00142788,129.84799999999998
2500,4.2,0.0508,71.3,0.00142788,131.97799999999998
3150,4.2,0.0508,71.3,0.00142788,133.72799999999998
4000,4.2,0.0508,71.3,0.00142788,133.59799999999998
5000,4.2,0.0508,71.3,0.00142788,132.828
6300,4.2,0.0508,71.3,0.00142788,129.308
8000,4.2,0.0508,71.3,0.00142788,125.26799999999999
10000,4.2,0.0508,71.3,0.00142788,121.238
12500,4.2,0.0508,71.3,0.00142788,117.32799999999999
1000,4.2,0.0508,39.6,0.00152689,125.647
1250,4.2,0.0508,39.6,0.00152689,128.42700000000002
1600,4.2,0.0508,39.6,0.00152689,130.197
2000,4.2,0.0508,39.6,0.00152689,132.58700000000002
2500,4.2,0.0508,39.6,0.00152689,133.847
3150,4.2,0.0508,39.6,0.00152689,133.58700000000002
4000,4.2,0.0508,39.6,0.00152689,131.80700000000002
5000,4.2,0.0508,39.6,0.00152689,129.77700000000002
6300,4.2,0.0508,39.6,0.00152689,125.71700000000001
8000,4.2,0.0508,39.6,0.00152689,120.397
10000,4.2,0.0508,39.6,0.00152689,116.96700000000001
800,8.4,0.0508,71.3,0.00529514,127.556
1000,8.4,0.0508,71.3,0.00529514,129.946
1250,8.4,0.0508,71.3,0.00529514,132.086
1600,8.4,0.0508,71.3,0.00529514,133.846
2000,8.4,0.0508,71.3,0.00529514,134.476
2500,8.4,0.0508,71.3,0.00529514,134.226
3150,8.4,0.0508,71.3,0.00529514,131.966
4000,8.4,0.0508,71.3,0.00529514,126.926
5000,8.4,0.0508,71.3,0.00529514,121.146
400,8.4,0.0508,55.5,0.00544854,121.58200000000001
500,8.4,0.0508,55.5,0.00544854,123.742
630,8.4,0.0508,55.5,0.00544854,126.152
800,8.4,0.0508,55.5,0.00544854,128.562
1000,8.4,0.0508,55.5,0.00544854,130.722
1250,8.4,0.0508,55.5,0.00544854,132.252
1600,8.4,0.0508,55.5,0.00544854,133.032
2000,8.4,0.0508,55.5,0.00544854,133.042
2500,8.4,0.0508,55.5,0.00544854,131.542
3150,8.4,0.0508,55.5,0.00544854,128.40200000000002
4000,8.4,0.0508,55.5,0.00544854,122.61200000000001
5000,8.4,0.0508,55.5,0.00544854,115.81200000000001
400,8.4,0.0508,39.6,0.00566229,120.015
500,8.4,0.0508,39.6,0.00566229,122.905
630,8.4,0.0508,39.6,0.00566229,126.045
800,8.4,0.0508,39.6,0.00566229,128.435
1000,8.4,0.0508,39.6,0.00566229,130.195
1250,8.4,0.0508,39.6,0.00566229,131.205
1600,8.4,0.0508,39.6,0.00566229,130.965
2000,8.4,0.0508,39.6,0.00566229,129.965
2500,8.4,0.0508,39.6,0.00566229,127.465
3150,8.4,0.0508,39.6,0.00566229,123.965
4000,8.4,0.0508,39.6,0.00566229,118.955
400,8.4,0.0508,31.7,0.00580776,120.07600000000001
500,8.4,0.0508,31.7,0.00580776,122.96600000000001
630,8.4,0.0508,31.7,0.00580776,125.85600000000001
800,8.4,0.0508,31.7,0.00580776,128.246
1000,8.4,0.0508,31.7,0.00580776,129.516
1250,8.4,0.0508,31.7,0.00580776,130.156
1600,8.4,0.0508,31.7,0.00580776,129.296
2000,8.4,0.0508,31.7,0.00580776,127.686
2500,8.4,0.0508,31.7,0.00580776,125.57600000000001
3150,8.4,0.0508,31.7,0.00580776,122.086
4000,8.4,0.0508,31.7,0.00580776,118.10600000000001
200,11.2,0.0508,71.3,0.014072,125.941
250,11.2,0.0508,71.3,0.014072,127.101
315,11.2,0.0508,71.3,0.014072,128.381
400,11.2,0.0508,71.3,0.014072,129.281
500,11.2,0.0508,71.3,0.014072,130.311
630,11.2,0.0508,71.3,0.014072,133.611
800,11.2,0.0508,71.3,0.014072,136.031
1000,11.2,0.0508,71.3,0.014072,136.941
1250,11.2,0.0508,71.3,0.014072,136.191
1600,11.2,0.0508,71.3,0.014072,135.191
2000,11.2,0.0508,71.3,0.014072,133.311
2500,11.2,0.0508,71.3,0.014072,130.541
3150,11.2,0.0508,71.3,0.014072,127.141
4000,11.2,0.0508,71.3,0.014072,122.471
200,11.2,0.0508,39.6,0.015047799999999998,125.01
250,11.2,0.0508,39.6,0.015047799999999998,126.43
315,11.2,0.0508,39.6,0.015047799999999998,128.99
400,11.2,0.0508,39.6,0.015047799999999998,130.67
500,11.2,0.0508,39.6,0.015047799999999998,131.96
630,11.2,0.0508,39.6,0.015047799999999998,133.13
800,11.2,0.0508,39.6,0.015047799999999998,133.79
1000,11.2,0.0508,39.6,0.015047799999999998,132.43
1250,11.2,0.0508,39.6,0.015047799999999998,130.05
1600,11.2,0.0508,39.6,0.015047799999999998,126.54
2000,11.2,0.0508,39.6,0.015047799999999998,124.42
2500,11.2,0.0508,39.6,0.015047799999999998,122.17
3150,11.2,0.0508,39.6,0.015047799999999998,119.67
4000,11.2,0.0508,39.6,0.015047799999999998,115.52
200,15.4,0.0508,71.3,0.0264269,123.595
250,15.4,0.0508,71.3,0.0264269,124.835
315,15.4,0.0508,71.3,0.0264269,126.195
400,15.4,0.0508,71.3,0.0264269,126.805
500,15.4,0.0508,71.3,0.0264269,127.285
630,15.4,0.0508,71.3,0.0264269,129.645
800,15.4,0.0508,71.3,0.0264269,131.515
1000,15.4,0.0508,71.3,0.0264269,131.865
1250,15.4,0.0508,71.3,0.0264269,130.845
1600,15.4,0.0508,71.3,0.0264269,130.065
2000,15.4,0.0508,71.3,0.0264269,129.285
2500,15.4,0.0508,71.3,0.0264269,127.625
3150,15.4,0.0508,71.3,0.0264269,125.715
4000,15.4,0.0508,71.3,0.0264269,122.675
5000,15.4,0.0508,71.3,0.0264269,119.135
6300,15.4,0.0508,71.3,0.0264269,115.215
8000,15.4,0.0508,71.3,0.0264269,112.675
200,15.4,0.0508,55.5,0.0271925,122.94
250,15.4,0.0508,55.5,0.0271925,124.17
315,15.4,0.0508,55.5,0.0271925,125.39
400,15.4,0.0508,55.5,0.0271925,126.5
500,15.4,0.0508,55.5,0.0271925,127.22
630,15.4,0.0508,55.5,0.0271925,129.33
800,15.4,0.0508,55.5,0.0271925,130.43
1000,15.4,0.0508,55.5,0.0271925,130.4
1250,15.4,0.0508,55.5,0.0271925,130.0
1600,15.4,0.0508,55.5,0.0271925,128.2
2000,15.4,0.0508,55.5,0.0271925,127.04
2500,15.4,0.0508,55.5,0.0271925,125.63
3150,15.4,0.0508,55.5,0.0271925,123.46
4000,15.4,0.0508,55.5,0.0271925,120.92
5000,15.4,0.0508,55.5,0.0271925,117.11
6300,15.4,0.0508,55.5,0.0271925,112.93
200,15.4,0.0508,39.6,0.0282593,121.78299999999999
250,15.4,0.0508,39.6,0.0282593,122.89299999999999
315,15.4,0.0508,39.6,0.0282593,124.493
400,15.4,0.0508,39.6,0.0282593,125.353
500,15.4,0.0508,39.6,0.0282593,125.963
630,15.4,0.0508,39.6,0.0282593,127.443
800,15.4,0.0508,39.6,0.0282593,128.423
1000,15.4,0.0508,39.6,0.0282593,127.89299999999999
1250,15.4,0.0508,39.6,0.0282593,126.743
1600,15.4,0.0508,39.6,0.0282593,124.84299999999999
2000,15.4,0.0508,39.6,0.0282593,123.443
2500,15.4,0.0508,39.6,0.0282593,122.413
3150,15.4,0.0508,39.6,0.0282593,120.51299999999999
4000,15.4,0.0508,39.6,0.0282593,118.113
5000,15.4,0.0508,39.6,0.0282593,114.45299999999999
6300,15.4,0.0508,39.6,0.0282593,109.663
200,15.4,0.0508,31.7,0.028985300000000002,119.975
250,15.4,0.0508,31.7,0.028985300000000002,121.225
315,15.4,0.0508,31.7,0.028985300000000002,122.845
400,15.4,0.0508,31.7,0.028985300000000002,123.705
500,15.4,0.0508,31.7,0.028985300000000002,123.695
630,15.4,0.0508,31.7,0.028985300000000002,124.685
800,15.4,0.0508,31.7,0.028985300000000002,125.555
1000,15.4,0.0508,31.7,0.028985300000000002,124.525
1250,15.4,0.0508,31.7,0.028985300000000002,123.255
1600,15.4,0.0508,31.7,0.028985300000000002,121.485
2000,15.4,0.0508,31.7,0.028985300000000002,120.835
2500,15.4,0.0508,31.7,0.028985300000000002,119.945
3150,15.4,0.0508,31.7,0.028985300000000002,118.045
4000,15.4,0.0508,31.7,0.028985300000000002,115.635
5000,15.4,0.0508,31.7,0.028985300000000002,112.355
6300,15.4,0.0508,31.7,0.028985300000000002,108.185
200,19.7,0.0508,71.3,0.034118300000000004,118.005
250,19.7,0.0508,71.3,0.034118300000000004,119.115
315,19.7,0.0508,71.3,0.034118300000000004,121.235
400,19.7,0.0508,71.3,0.034118300000000004,123.865
500,19.7,0.0508,71.3,0.034118300000000004,126.995
630,19.7,0.0508,71.3,0.034118300000000004,128.365
800,19.7,0.0508,71.3,0.034118300000000004,124.555
1000,19.7,0.0508,71.3,0.034118300000000004,121.885
1250,19.7,0.0508,71.3,0.034118300000000004,121.485
1600,19.7,0.0508,71.3,0.034118300000000004,120.575
2000,19.7,0.0508,71.3,0.034118300000000004,120.055
2500,19.7,0.0508,71.3,0.034118300000000004,118.385
3150,19.7,0.0508,71.3,0.034118300000000004,116.225
4000,19.7,0.0508,71.3,0.034118300000000004,113.045
200,19.7,0.0508,39.6,0.036483999999999996,125.97399999999999
250,19.7,0.0508,39.6,0.036483999999999996,127.22399999999999
315,19.7,0.0508,39.6,0.036483999999999996,129.864
400,19.7,0.0508,39.6,0.036483999999999996,130.614
500,19.7,0.0508,39.6,0.036483999999999996,128.444
630,19.7,0.0508,39.6,0.036483999999999996,120.324
800,19.7,0.0508,39.6,0.036483999999999996,119.17399999999999
1000,19.7,0.0508,39.6,0.036483999999999996,118.904
1250,19.7,0.0508,39.6,0.036483999999999996,118.634
1600,19.7,0.0508,39.6,0.036483999999999996,117.604
2000,19.7,0.0508,39.6,0.036483999999999996,117.72399999999999
2500,19.7,0.0508,39.6,0.036483999999999996,116.184
3150,19.7,0.0508,39.6,0.036483999999999996,113.00399999999999
4000,19.7,0.0508,39.6,0.036483999999999996,108.684
2500,0.0,0.0254,71.3,0.00040068199999999997,133.707
3150,0.0,0.0254,71.3,0.00040068199999999997,137.007
4000,0.0,0.0254,71.3,0.00040068199999999997,138.55700000000002
5000,0.0,0.0254,71.3,0.00040068199999999997,136.83700000000002
6300,0.0,0.0254,71.3,0.00040068199999999997,134.987
8000,0.0,0.0254,71.3,0.00040068199999999997,129.86700000000002
10000,0.0,0.0254,71.3,0.00040068199999999997,130.787
12500,0.0,0.0254,71.3,0.00040068199999999997,133.207
16000,0.0,0.0254,71.3,0.00040068199999999997,130.477
20000,0.0,0.0254,71.3,0.00040068199999999997,123.21700000000001
2000,0.0,0.0254,55.5,0.00041229,127.62299999999999
2500,0.0,0.0254,55.5,0.00041229,130.07299999999998
3150,0.0,0.0254,55.5,0.00041229,130.503
4000,0.0,0.0254,55.5,0.00041229,133.22299999999998
5000,0.0,0.0254,55.5,0.00041229,135.803
6300,0.0,0.0254,55.5,0.00041229,136.10299999999998
8000,0.0,0.0254,55.5,0.00041229,136.16299999999998
10000,0.0,0.0254,55.5,0.00041229,134.563
12500,0.0,0.0254,55.5,0.00041229,131.453
16000,0.0,0.0254,55.5,0.00041229,125.68299999999999
20000,0.0,0.0254,55.5,0.00041229,121.93299999999999
1600,0.0,0.0254,39.6,0.00042846400000000004,124.156
2000,0.0,0.0254,39.6,0.00042846400000000004,130.026
2500,0.0,0.0254,39.6,0.00042846400000000004,131.836
3150,0.0,0.0254,39.6,0.00042846400000000004,133.276
4000,0.0,0.0254,39.6,0.00042846400000000004,135.346
5000,0.0,0.0254,39.6,0.00042846400000000004,136.536
6300,0.0,0.0254,39.6,0.00042846400000000004,136.826
8000,0.0,0.0254,39.6,0.00042846400000000004,135.866
10000,0.0,0.0254,39.6,0.00042846400000000004,133.376
12500,0.0,0.0254,39.6,0.00042846400000000004,129.116
16000,0.0,0.0254,39.6,0.00042846400000000004,124.986
1000,0.0,0.0254,31.7,0.000439472,125.12700000000001
1250,0.0,0.0254,31.7,0.000439472,127.947
1600,0.0,0.0254,31.7,0.000439472,129.267
2000,0.0,0.0254,31.7,0.000439472,130.697
2500,0.0,0.0254,31.7,0.000439472,132.89700000000002
3150,0.0,0.0254,31.7,0.000439472,135.227
4000,0.0,0.0254,31.7,0.000439472,137.047
5000,0.0,0.0254,31.7,0.000439472,138.607
6300,0.0,0.0254,31.7,0.000439472,138.537
8000,0.0,0.0254,31.7,0.000439472,137.207
10000,0.0,0.0254,31.7,0.000439472,134.227
12500,0.0,0.0254,31.7,0.000439472,128.977
16000,0.0,0.0254,31.7,0.000439472,125.62700000000001
2000,4.8,0.0254,71.3,0.000848633,128.398
2500,4.8,0.0254,71.3,0.000848633,130.828
3150,4.8,0.0254,71.3,0.000848633,133.378
4000,4.8,0.0254,71.3,0.000848633,134.928
5000,4.8,0.0254,71.3,0.000848633,135.468
6300,4.8,0.0254,71.3,0.000848633,134.498
8000,4.8,0.0254,71.3,0.000848633,131.518
10000,4.8,0.0254,71.3,0.000848633,127.398
12500,4.8,0.0254,71.3,0.000848633,127.68799999999999
16000,4.8,0.0254,71.3,0.000848633,124.208
20000,4.8,0.0254,71.3,0.000848633,119.708
1600,4.8,0.0254,55.5,0.000873218,121.47399999999999
2000,4.8,0.0254,55.5,0.000873218,125.054
2500,4.8,0.0254,55.5,0.000873218,129.144
3150,4.8,0.0254,55.5,0.000873218,132.35399999999998
4000,4.8,0.0254,55.5,0.000873218,133.924
5000,4.8,0.0254,55.5,0.000873218,135.484
6300,4.8,0.0254,55.5,0.000873218,135.164
8000,4.8,0.0254,55.5,0.000873218,132.184
10000,4.8,0.0254,55.5,0.000873218,126.944
12500,4.8,0.0254,55.5,0.000873218,125.094
16000,4.8,0.0254,55.5,0.000873218,124.39399999999999
20000,4.8,0.0254,55.5,0.000873218,121.28399999999999
500,4.8,0.0254,39.6,0.000907475,116.366
630,4.8,0.0254,39.6,0.000907475,118.696
800,4.8,0.0254,39.6,0.000907475,120.766
1000,4.8,0.0254,39.6,0.000907475,122.956
1250,4.8,0.0254,39.6,0.000907475,125.02600000000001
1600,4.8,0.0254,39.6,0.000907475,125.96600000000001
2000,4.8,0.0254,39.6,0.000907475,128.916
2500,4.8,0.0254,39.6,0.000907475,131.236
3150,4.8,0.0254,39.6,0.000907475,133.436
4000,4.8,0.0254,39.6,0.000907475,134.996
5000,4.8,0.0254,39.6,0.000907475,135.42600000000002
6300,4.8,0.0254,39.6,0.000907475,134.336
8000,4.8,0.0254,39.6,0.000907475,131.346
10000,4.8,0.0254,39.6,0.000907475,126.066
500,4.8,0.0254,31.7,0.0009307889999999999,116.12799999999999
630,4.8,0.0254,31.7,0.0009307889999999999,120.07799999999999
800,4.8,0.0254,31.7,0.0009307889999999999,122.648
1000,4.8,0.0254,31.7,0.0009307889999999999,125.348
1250,4.8,0.0254,31.7,0.0009307889999999999,127.40799999999999
1600,4.8,0.0254,31.7,0.0009307889999999999,128.718
2000,4.8,0.0254,31.7,0.0009307889999999999,130.148
2500,4.8,0.0254,31.7,0.0009307889999999999,132.588
3150,4.8,0.0254,31.7,0.0009307889999999999,134.268
4000,4.8,0.0254,31.7,0.0009307889999999999,135.328
5000,4.8,0.0254,31.7,0.0009307889999999999,135.248
6300,4.8,0.0254,31.7,0.0009307889999999999,132.898
8000,4.8,0.0254,31.7,0.0009307889999999999,127.008
630,9.5,0.0254,71.3,0.00420654,125.726
800,9.5,0.0254,71.3,0.00420654,127.206
1000,9.5,0.0254,71.3,0.00420654,129.556
1250,9.5,0.0254,71.3,0.00420654,131.656
1600,9.5,0.0254,71.3,0.00420654,133.756
2000,9.5,0.0254,71.3,0.00420654,134.976
2500,9.5,0.0254,71.3,0.00420654,135.95600000000002
3150,9.5,0.0254,71.3,0.00420654,136.166
4000,9.5,0.0254,71.3,0.00420654,134.236
5000,9.5,0.0254,71.3,0.00420654,131.186
6300,9.5,0.0254,71.3,0.00420654,127.24600000000001
400,9.5,0.0254,55.5,0.0043284,120.95200000000001
500,9.5,0.0254,55.5,0.0043284,123.08200000000001
630,9.5,0.0254,55.5,0.0043284,125.45200000000001
800,9.5,0.0254,55.5,0.0043284,128.082
1000,9.5,0.0254,55.5,0.0043284,130.332
1250,9.5,0.0254,55.5,0.0043284,132.202
1600,9.5,0.0254,55.5,0.0043284,133.062
2000,9.5,0.0254,55.5,0.0043284,134.05200000000002
2500,9.5,0.0254,55.5,0.0043284,134.15200000000002
3150,9.5,0.0254,55.5,0.0043284,133.252
4000,9.5,0.0254,55.5,0.0043284,131.582
5000,9.5,0.0254,55.5,0.0043284,128.412
6300,9.5,0.0254,55.5,0.0043284,124.22200000000001
200,9.5,0.0254,39.6,0.00449821,116.074
250,9.5,0.0254,39.6,0.00449821,116.92399999999999
315,9.5,0.0254,39.6,0.00449821,119.294
400,9.5,0.0254,39.6,0.00449821,121.154
500,9.5,0.0254,39.6,0.00449821,123.89399999999999
630,9.5,0.0254,39.6,0.00449821,126.514
800,9.5,0.0254,39.6,0.00449821,129.014
1000,9.5,0.0254,39.6,0.00449821,130.374
1250,9.5,0.0254,39.6,0.00449821,130.964
1600,9.5,0.0254,39.6,0.00449821,131.184
2000,9.5,0.0254,39.6,0.00449821,131.274
2500,9.5,0.0254,39.6,0.00449821,131.234
3150,9.5,0.0254,39.6,0.00449821,129.934
4000,9.5,0.0254,39.6,0.00449821,127.86399999999999
5000,9.5,0.0254,39.6,0.00449821,125.044
6300,9.5,0.0254,39.6,0.00449821,120.324
200,9.5,0.0254,31.7,0.00461377,119.146
250,9.5,0.0254,31.7,0.00461377,120.13600000000001
315,9.5,0.0254,31.7,0.00461377,122.766
400,9.5,0.0254,31.7,0.00461377,124.756
500,9.5,0.0254,31.7,0.00461377,126.88600000000001
630,9.5,0.0254,31.7,0.00461377,129.006
800,9.5,0.0254,31.7,0.00461377,130.746
1000,9.5,0.0254,31.7,0.00461377,131.346
1250,9.5,0.0254,31.7,0.00461377,131.446
1600,9.5,0.0254,31.7,0.00461377,131.036
2000,9.5,0.0254,31.7,0.00461377,130.496
2500,9.5,0.0254,31.7,0.00461377,130.086
3150,9.5,0.0254,31.7,0.00461377,128.536
4000,9.5,0.0254,31.7,0.00461377,126.736
5000,9.5,0.0254,31.7,0.00461377,124.426
6300,9.5,0.0254,31.7,0.00461377,120.726
250,12.7,0.0254,71.3,0.012180799999999999,119.698
315,12.7,0.0254,71.3,0.012180799999999999,122.93799999999999
400,12.7,0.0254,71.3,0.012180799999999999,125.04799999999999
500,12.7,0.0254,71.3,0.012180799999999999,126.898
630,12.7,0.0254,71.3,0.012180799999999999,128.878
800,12.7,0.0254,71.3,0.012180799999999999,130.34799999999998
1000,12.7,0.0254,71.3,0.012180799999999999,131.69799999999998
1250,12.7,0.0254,71.3,0.012180799999999999,133.048
1600,12.7,0.0254,71.3,0.012180799999999999,134.528
2000,12.7,0.0254,71.3,0.012180799999999999,134.22799999999998
2500,12.7,0.0254,71.3,0.012180799999999999,134.058
3150,12.7,0.0254,71.3,0.012180799999999999,133.75799999999998
4000,12.7,0.0254,71.3,0.012180799999999999,131.808
5000,12.7,0.0254,71.3,0.012180799999999999,128.97799999999998
6300,12.7,0.0254,71.3,0.012180799999999999,125.398
8000,12.7,0.0254,71.3,0.012180799999999999,120.538
10000,12.7,0.0254,71.3,0.012180799999999999,114.41799999999999
250,12.7,0.0254,39.6,0.013025299999999998,121.54700000000001
315,12.7,0.0254,39.6,0.013025299999999998,123.537
400,12.7,0.0254,39.6,0.013025299999999998,125.527
500,12.7,0.0254,39.6,0.013025299999999998,127.12700000000001
630,12.7,0.0254,39.6,0.013025299999999998,128.86700000000002
800,12.7,0.0254,39.6,0.013025299999999998,130.217
1000,12.7,0.0254,39.6,0.013025299999999998,130.947
1250,12.7,0.0254,39.6,0.013025299999999998,130.77700000000002
1600,12.7,0.0254,39.6,0.013025299999999998,129.977
2000,12.7,0.0254,39.6,0.013025299999999998,129.567
2500,12.7,0.0254,39.6,0.013025299999999998,129.02700000000002
3150,12.7,0.0254,39.6,0.013025299999999998,127.84700000000001
4000,12.7,0.0254,39.6,0.013025299999999998,126.537
5000,12.7,0.0254,39.6,0.013025299999999998,125.10700000000001
6300,12.7,0.0254,39.6,0.013025299999999998,123.177
8000,12.7,0.0254,39.6,0.013025299999999998,120.60700000000001
10000,12.7,0.0254,39.6,0.013025299999999998,116.01700000000001
200,17.4,0.0254,71.3,0.016104,112.506
250,17.4,0.0254,71.3,0.016104,113.796
315,17.4,0.0254,71.3,0.016104,115.846
400,17.4,0.0254,71.3,0.016104,117.396
500,17.4,0.0254,71.3,0.016104,119.806
630,17.4,0.0254,71.3,0.016104,122.60600000000001
800,17.4,0.0254,71.3,0.016104,124.27600000000001
1000,17.4,0.0254,71.3,0.016104,125.816
1250,17.4,0.0254,71.3,0.016104,126.35600000000001
1600,17.4,0.0254,71.3,0.016104,126.406
2000,17.4,0.0254,71.3,0.016104,126.82600000000001
2500,17.4,0.0254,71.3,0.016104,126.74600000000001
3150,17.4,0.0254,71.3,0.016104,126.536
4000,17.4,0.0254,71.3,0.016104,125.586
5000,17.4,0.0254,71.3,0.016104,123.126
6300,17.4,0.0254,71.3,0.016104,119.916
8000,17.4,0.0254,71.3,0.016104,115.46600000000001
200,17.4,0.0254,55.5,0.016570599999999998,109.95100000000001
250,17.4,0.0254,55.5,0.016570599999999998,110.491
315,17.4,0.0254,55.5,0.016570599999999998,111.911
400,17.4,0.0254,55.5,0.016570599999999998,115.461
500,17.4,0.0254,55.5,0.016570599999999998,119.62100000000001
630,17.4,0.0254,55.5,0.016570599999999998,122.411
800,17.4,0.0254,55.5,0.016570599999999998,123.09100000000001
1000,17.4,0.0254,55.5,0.016570599999999998,126.001
1250,17.4,0.0254,55.5,0.016570599999999998,129.30100000000002
1600,17.4,0.0254,55.5,0.016570599999999998,126.471
2000,17.4,0.0254,55.5,0.016570599999999998,125.26100000000001
2500,17.4,0.0254,55.5,0.016570599999999998,124.931
3150,17.4,0.0254,55.5,0.016570599999999998,124.101
4000,17.4,0.0254,55.5,0.016570599999999998,121.771
5000,17.4,0.0254,55.5,0.016570599999999998,118.941
6300,17.4,0.0254,55.5,0.016570599999999998,114.861
200,17.4,0.0254,39.6,0.0172206,114.044
250,17.4,0.0254,39.6,0.0172206,114.714
315,17.4,0.0254,39.6,0.0172206,115.14399999999999
400,17.4,0.0254,39.6,0.0172206,115.444
500,17.4,0.0254,39.6,0.0172206,117.514
630,17.4,0.0254,39.6,0.0172206,124.514
800,17.4,0.0254,39.6,0.0172206,135.32399999999998
1000,17.4,0.0254,39.6,0.0172206,138.274
1250,17.4,0.0254,39.6,0.0172206,131.364
1600,17.4,0.0254,39.6,0.0172206,127.61399999999999
2000,17.4,0.0254,39.6,0.0172206,126.64399999999999
2500,17.4,0.0254,39.6,0.0172206,124.154
3150,17.4,0.0254,39.6,0.0172206,123.564
4000,17.4,0.0254,39.6,0.0172206,122.72399999999999
5000,17.4,0.0254,39.6,0.0172206,119.854
200,17.4,0.0254,31.7,0.017663099999999998,116.146
250,17.4,0.0254,31.7,0.017663099999999998,116.956
315,17.4,0.0254,31.7,0.017663099999999998,118.416
400,17.4,0.0254,31.7,0.017663099999999998,120.766
500,17.4,0.0254,31.7,0.017663099999999998,127.676
630,17.4,0.0254,31.7,0.017663099999999998,136.886
800,17.4,0.0254,31.7,0.017663099999999998,139.226
1000,17.4,0.0254,31.7,0.017663099999999998,131.796
1250,17.4,0.0254,31.7,0.017663099999999998,128.306
1600,17.4,0.0254,31.7,0.017663099999999998,126.846
2000,17.4,0.0254,31.7,0.017663099999999998,124.35600000000001
2500,17.4,0.0254,31.7,0.017663099999999998,124.166
3150,17.4,0.0254,31.7,0.017663099999999998,123.46600000000001
4000,17.4,0.0254,31.7,0.017663099999999998,121.99600000000001
5000,17.4,0.0254,31.7,0.017663099999999998,117.99600000000001
315,22.2,0.0254,71.3,0.0214178,115.85700000000001
400,22.2,0.0254,71.3,0.0214178,117.927
500,22.2,0.0254,71.3,0.0214178,117.96700000000001
630,22.2,0.0254,71.3,0.0214178,120.65700000000001
800,22.2,0.0254,71.3,0.0214178,123.227
1000,22.2,0.0254,71.3,0.0214178,134.247
1250,22.2,0.0254,71.3,0.0214178,140.987
1600,22.2,0.0254,71.3,0.0214178,131.817
2000,22.2,0.0254,71.3,0.0214178,127.197
2500,22.2,0.0254,71.3,0.0214178,126.09700000000001
3150,22.2,0.0254,71.3,0.0214178,124.12700000000001
4000,22.2,0.0254,71.3,0.0214178,123.917
5000,22.2,0.0254,71.3,0.0214178,125.727
6300,22.2,0.0254,71.3,0.0214178,123.12700000000001
8000,22.2,0.0254,71.3,0.0214178,121.65700000000001
200,22.2,0.0254,39.6,0.022902799999999997,116.066
250,22.2,0.0254,39.6,0.022902799999999997,117.38600000000001
315,22.2,0.0254,39.6,0.022902799999999997,120.71600000000001
400,22.2,0.0254,39.6,0.022902799999999997,123.416
500,22.2,0.0254,39.6,0.022902799999999997,129.776
630,22.2,0.0254,39.6,0.022902799999999997,137.026
800,22.2,0.0254,39.6,0.022902799999999997,137.076
1000,22.2,0.0254,39.6,0.022902799999999997,128.416
1250,22.2,0.0254,39.6,0.022902799999999997,126.446
1600,22.2,0.0254,39.6,0.022902799999999997,122.21600000000001
2000,22.2,0.0254,39.6,0.022902799999999997,121.256
2500,22.2,0.0254,39.6,0.022902799999999997,121.306
3150,22.2,0.0254,39.6,0.022902799999999997,120.85600000000001
4000,22.2,0.0254,39.6,0.022902799999999997,119.646
5000,22.2,0.0254,39.6,0.022902799999999997,118.816
630,0.0,0.1016,71.3,0.00121072,124.155
800,0.0,0.1016,71.3,0.00121072,126.805
1000,0.0,0.1016,71.3,0.00121072,128.825
1250,0.0,0.1016,71.3,0.00121072,130.335
1600,0.0,0.1016,71.3,0.00121072,131.725
2000,0.0,0.1016,71.3,0.00121072,132.095
2500,0.0,0.1016,71.3,0.00121072,132.595
3150,0.0,0.1016,71.3,0.00121072,131.955
4000,0.0,0.1016,71.3,0.00121072,130.935
5000,0.0,0.1016,71.3,0.00121072,130.795
6300,0.0,0.1016,71.3,0.00121072,129.395
8000,0.0,0.1016,71.3,0.00121072,125.465
10000,0.0,0.1016,71.3,0.00121072,123.305
12500,0.0,0.1016,71.3,0.00121072,119.375
630,0.0,0.1016,55.5,0.00131983,126.17
800,0.0,0.1016,55.5,0.00131983,127.92
1000,0.0,0.1016,55.5,0.00131983,129.8
1250,0.0,0.1016,55.5,0.00131983,131.43
1600,0.0,0.1016,55.5,0.00131983,132.05
2000,0.0,0.1016,55.5,0.00131983,132.54
2500,0.0,0.1016,55.5,0.00131983,133.04
3150,0.0,0.1016,55.5,0.00131983,131.78
4000,0.0,0.1016,55.5,0.00131983,129.5
5000,0.0,0.1016,55.5,0.00131983,128.36
6300,0.0,0.1016,55.5,0.00131983,127.73
8000,0.0,0.1016,55.5,0.00131983,124.45
10000,0.0,0.1016,55.5,0.00131983,121.93
12500,0.0,0.1016,55.5,0.00131983,119.91
630,0.0,0.1016,39.6,0.00146332,125.40100000000001
800,0.0,0.1016,39.6,0.00146332,128.401
1000,0.0,0.1016,39.6,0.00146332,130.781
1250,0.0,0.1016,39.6,0.00146332,132.27100000000002
1600,0.0,0.1016,39.6,0.00146332,133.261
2000,0.0,0.1016,39.6,0.00146332,133.251
2500,0.0,0.1016,39.6,0.00146332,132.611
3150,0.0,0.1016,39.6,0.00146332,130.961
4000,0.0,0.1016,39.6,0.00146332,127.801
5000,0.0,0.1016,39.6,0.00146332,126.021
6300,0.0,0.1016,39.6,0.00146332,125.631
8000,0.0,0.1016,39.6,0.00146332,122.34100000000001
10000,0.0,0.1016,39.6,0.00146332,119.561
630,0.0,0.1016,31.7,0.00150092,126.413
800,0.0,0.1016,31.7,0.00150092,129.053
1000,0.0,0.1016,31.7,0.00150092,131.313
1250,0.0,0.1016,31.7,0.00150092,133.063
1600,0.0,0.1016,31.7,0.00150092,133.553
2000,0.0,0.1016,31.7,0.00150092,133.153
2500,0.0,0.1016,31.7,0.00150092,132.003
3150,0.0,0.1016,31.7,0.00150092,129.97299999999998
4000,0.0,0.1016,31.7,0.00150092,126.93299999999999
5000,0.0,0.1016,31.7,0.00150092,124.39299999999999
6300,0.0,0.1016,31.7,0.00150092,124.25299999999999
8000,0.0,0.1016,31.7,0.00150092,120.193
10000,0.0,0.1016,31.7,0.00150092,115.89299999999999
800,3.3,0.1016,71.3,0.00202822,131.07399999999998
1000,3.3,0.1016,71.3,0.00202822,131.434
1250,3.3,0.1016,71.3,0.00202822,132.304
1600,3.3,0.1016,71.3,0.00202822,133.664
2000,3.3,0.1016,71.3,0.00202822,134.034
2500,3.3,0.1016,71.3,0.00202822,133.894
3150,3.3,0.1016,71.3,0.00202822,132.114
4000,3.3,0.1016,71.3,0.00202822,128.704
5000,3.3,0.1016,71.3,0.00202822,127.054
6300,3.3,0.1016,71.3,0.00202822,124.904
8000,3.3,0.1016,71.3,0.00202822,121.234
10000,3.3,0.1016,71.3,0.00202822,116.694
630,3.3,0.1016,55.5,0.002211,126.59899999999999
800,3.3,0.1016,55.5,0.002211,129.119
1000,3.3,0.1016,55.5,0.002211,131.129
1250,3.3,0.1016,55.5,0.002211,132.769
1600,3.3,0.1016,55.5,0.002211,133.649
2000,3.3,0.1016,55.5,0.002211,133.649
2500,3.3,0.1016,55.5,0.002211,132.889
3150,3.3,0.1016,55.5,0.002211,130.629
4000,3.3,0.1016,55.5,0.002211,127.229
5000,3.3,0.1016,55.5,0.002211,124.839
6300,3.3,0.1016,55.5,0.002211,123.839
8000,3.3,0.1016,55.5,0.002211,120.569
10000,3.3,0.1016,55.5,0.002211,115.65899999999999
630,3.3,0.1016,39.6,0.00245138,127.251
800,3.3,0.1016,39.6,0.00245138,129.991
1000,3.3,0.1016,39.6,0.00245138,131.971
1250,3.3,0.1016,39.6,0.00245138,133.211
1600,3.3,0.1016,39.6,0.00245138,133.071
2000,3.3,0.1016,39.6,0.00245138,132.30100000000002
2500,3.3,0.1016,39.6,0.00245138,130.791
3150,3.3,0.1016,39.6,0.00245138,128.401
4000,3.3,0.1016,39.6,0.00245138,124.881
5000,3.3,0.1016,39.6,0.00245138,122.37100000000001
6300,3.3,0.1016,39.6,0.00245138,120.851
8000,3.3,0.1016,39.6,0.00245138,118.09100000000001
10000,3.3,0.1016,39.6,0.00245138,115.321
630,3.3,0.1016,31.7,0.00251435,128.952
800,3.3,0.1016,31.7,0.00251435,131.362
1000,3.3,0.1016,31.7,0.00251435,133.012
1250,3.3,0.1016,31.7,0.00251435,134.02200000000002
1600,3.3,0.1016,31.7,0.00251435,133.40200000000002
2000,3.3,0.1016,31.7,0.00251435,131.642
2500,3.3,0.1016,31.7,0.00251435,130.392
3150,3.3,0.1016,31.7,0.00251435,128.252
4000,3.3,0.1016,31.7,0.00251435,124.852
5000,3.3,0.1016,31.7,0.00251435,122.08200000000001
6300,3.3,0.1016,31.7,0.00251435,120.70200000000001
8000,3.3,0.1016,31.7,0.00251435,117.432
630,6.7,0.1016,71.3,0.00478288,131.44799999999998
800,6.7,0.1016,71.3,0.00478288,134.47799999999998
1000,6.7,0.1016,71.3,0.00478288,136.75799999999998
1250,6.7,0.1016,71.3,0.00478288,137.658
1600,6.7,0.1016,71.3,0.00478288,136.678
2000,6.7,0.1016,71.3,0.00478288,134.56799999999998
2500,6.7,0.1016,71.3,0.00478288,131.458
3150,6.7,0.1016,71.3,0.00478288,124.458
500,6.7,0.1016,55.5,0.0052139,129.343
630,6.7,0.1016,55.5,0.0052139,133.023
800,6.7,0.1016,55.5,0.0052139,135.953
1000,6.7,0.1016,55.5,0.0052139,137.233
1250,6.7,0.1016,55.5,0.0052139,136.88299999999998
1600,6.7,0.1016,55.5,0.0052139,133.653
2000,6.7,0.1016,55.5,0.0052139,129.653
2500,6.7,0.1016,55.5,0.0052139,124.273
400,6.7,0.1016,39.6,0.00578076,128.295
500,6.7,0.1016,39.6,0.00578076,130.955
630,6.7,0.1016,39.6,0.00578076,133.355
800,6.7,0.1016,39.6,0.00578076,134.625
1000,6.7,0.1016,39.6,0.00578076,134.515
1250,6.7,0.1016,39.6,0.00578076,132.395
1600,6.7,0.1016,39.6,0.00578076,127.375
2000,6.7,0.1016,39.6,0.00578076,122.235
315,6.7,0.1016,31.7,0.00592927,126.266
400,6.7,0.1016,31.7,0.00592927,128.296
500,6.7,0.1016,31.7,0.00592927,130.20600000000002
630,6.7,0.1016,31.7,0.00592927,132.116
800,6.7,0.1016,31.7,0.00592927,132.886
1000,6.7,0.1016,31.7,0.00592927,131.636
1250,6.7,0.1016,31.7,0.00592927,129.256
1600,6.7,0.1016,31.7,0.00592927,124.346
2000,6.7,0.1016,31.7,0.00592927,120.446
200,8.9,0.1016,71.3,0.0103088,133.503
250,8.9,0.1016,71.3,0.0103088,134.533
315,8.9,0.1016,71.3,0.0103088,136.583
400,8.9,0.1016,71.3,0.0103088,138.123
500,8.9,0.1016,71.3,0.0103088,138.523
630,8.9,0.1016,71.3,0.0103088,138.423
800,8.9,0.1016,71.3,0.0103088,137.813
1000,8.9,0.1016,71.3,0.0103088,135.433
1250,8.9,0.1016,71.3,0.0103088,132.793
1600,8.9,0.1016,71.3,0.0103088,128.763
2000,8.9,0.1016,71.3,0.0103088,124.23299999999999
2500,8.9,0.1016,71.3,0.0103088,123.62299999999999
3150,8.9,0.1016,71.3,0.0103088,123.26299999999999
4000,8.9,0.1016,71.3,0.0103088,120.243
5000,8.9,0.1016,71.3,0.0103088,116.723
6300,8.9,0.1016,71.3,0.0103088,117.25299999999999
200,8.9,0.1016,39.6,0.012459600000000001,133.42
250,8.9,0.1016,39.6,0.012459600000000001,134.34
315,8.9,0.1016,39.6,0.012459600000000001,135.38
400,8.9,0.1016,39.6,0.012459600000000001,135.54
500,8.9,0.1016,39.6,0.012459600000000001,133.79
630,8.9,0.1016,39.6,0.012459600000000001,131.92
800,8.9,0.1016,39.6,0.012459600000000001,130.94
1000,8.9,0.1016,39.6,0.012459600000000001,129.58
1250,8.9,0.1016,39.6,0.012459600000000001,127.71
1600,8.9,0.1016,39.6,0.012459600000000001,123.82
2000,8.9,0.1016,39.6,0.012459600000000001,119.04
2500,8.9,0.1016,39.6,0.012459600000000001,119.19
3150,8.9,0.1016,39.6,0.012459600000000001,119.35
4000,8.9,0.1016,39.6,0.012459600000000001,116.22
5000,8.9,0.1016,39.6,0.012459600000000001,113.08
6300,8.9,0.1016,39.6,0.012459600000000001,113.11
200,12.3,0.1016,71.3,0.033779199999999995,130.588
250,12.3,0.1016,71.3,0.033779199999999995,131.56799999999998
315,12.3,0.1016,71.3,0.033779199999999995,137.06799999999998
400,12.3,0.1016,71.3,0.033779199999999995,139.428
500,12.3,0.1016,71.3,0.033779199999999995,140.158
630,12.3,0.1016,71.3,0.033779199999999995,135.368
800,12.3,0.1016,71.3,0.033779199999999995,127.318
1000,12.3,0.1016,71.3,0.033779199999999995,127.928
1250,12.3,0.1016,71.3,0.033779199999999995,126.648
1600,12.3,0.1016,71.3,0.033779199999999995,124.74799999999999
2000,12.3,0.1016,71.3,0.033779199999999995,122.21799999999999
2500,12.3,0.1016,71.3,0.033779199999999995,121.318
3150,12.3,0.1016,71.3,0.033779199999999995,120.79799999999999
4000,12.3,0.1016,71.3,0.033779199999999995,118.01799999999999
5000,12.3,0.1016,71.3,0.033779199999999995,116.10799999999999
6300,12.3,0.1016,71.3,0.033779199999999995,113.958
200,12.3,0.1016,55.5,0.0368233,132.304
250,12.3,0.1016,55.5,0.0368233,133.29399999999998
315,12.3,0.1016,55.5,0.0368233,135.674
400,12.3,0.1016,55.5,0.0368233,136.414
500,12.3,0.1016,55.5,0.0368233,133.774
630,12.3,0.1016,55.5,0.0368233,124.244
800,12.3,0.1016,55.5,0.0368233,125.11399999999999
1000,12.3,0.1016,55.5,0.0368233,125.484
1250,12.3,0.1016,55.5,0.0368233,124.214
1600,12.3,0.1016,55.5,0.0368233,121.824
2000,12.3,0.1016,55.5,0.0368233,118.564
2500,12.3,0.1016,55.5,0.0368233,117.054
3150,12.3,0.1016,55.5,0.0368233,116.914
4000,12.3,0.1016,55.5,0.0368233,114.404
5000,12.3,0.1016,55.5,0.0368233,112.014
6300,12.3,0.1016,55.5,0.0368233,110.124
200,12.3,0.1016,39.6,0.0408268,128.545
250,12.3,0.1016,39.6,0.0408268,129.675
315,12.3,0.1016,39.6,0.0408268,129.415
400,12.3,0.1016,39.6,0.0408268,128.265
500,12.3,0.1016,39.6,0.0408268,122.205
630,12.3,0.1016,39.6,0.0408268,121.315
800,12.3,0.1016,39.6,0.0408268,122.315
1000,12.3,0.1016,39.6,0.0408268,122.435
1250,12.3,0.1016,39.6,0.0408268,121.165
1600,12.3,0.1016,39.6,0.0408268,117.875
2000,12.3,0.1016,39.6,0.0408268,114.085
2500,12.3,0.1016,39.6,0.0408268,113.315
3150,12.3,0.1016,39.6,0.0408268,113.055
4000,12.3,0.1016,39.6,0.0408268,110.905
5000,12.3,0.1016,39.6,0.0408268,108.625
6300,12.3,0.1016,39.6,0.0408268,107.985
200,12.3,0.1016,31.7,0.0418756,124.98700000000001
250,12.3,0.1016,31.7,0.0418756,125.85700000000001
315,12.3,0.1016,31.7,0.0418756,124.71700000000001
400,12.3,0.1016,31.7,0.0418756,123.20700000000001
500,12.3,0.1016,31.7,0.0418756,118.667
630,12.3,0.1016,31.7,0.0418756,119.287
800,12.3,0.1016,31.7,0.0418756,120.037
1000,12.3,0.1016,31.7,0.0418756,119.777
1250,12.3,0.1016,31.7,0.0418756,118.76700000000001
1600,12.3,0.1016,31.7,0.0418756,114.477
2000,12.3,0.1016,31.7,0.0418756,110.447
2500,12.3,0.1016,31.7,0.0418756,110.31700000000001
3150,12.3,0.1016,31.7,0.0418756,110.307
4000,12.3,0.1016,31.7,0.0418756,108.40700000000001
5000,12.3,0.1016,31.7,0.0418756,107.147
6300,12.3,0.1016,31.7,0.0418756,107.26700000000001
200,15.6,0.1016,71.3,0.0437259,130.898
250,15.6,0.1016,71.3,0.0437259,132.158
315,15.6,0.1016,71.3,0.0437259,133.808
400,15.6,0.1016,71.3,0.0437259,134.058
500,15.6,0.1016,71.3,0.0437259,130.638
630,15.6,0.1016,71.3,0.0437259,122.288
800,15.6,0.1016,71.3,0.0437259,124.18799999999999
1000,15.6,0.1016,71.3,0.0437259,124.43799999999999
1250,15.6,0.1016,71.3,0.0437259,123.178
1600,15.6,0.1016,71.3,0.0437259,121.52799999999999
2000,15.6,0.1016,71.3,0.0437259,119.88799999999999
2500,15.6,0.1016,71.3,0.0437259,118.99799999999999
3150,15.6,0.1016,71.3,0.0437259,116.46799999999999
4000,15.6,0.1016,71.3,0.0437259,113.29799999999999
200,15.6,0.1016,39.6,0.0528487,123.514
250,15.6,0.1016,39.6,0.0528487,124.64399999999999
315,15.6,0.1016,39.6,0.0528487,122.75399999999999
400,15.6,0.1016,39.6,0.0528487,120.484
500,15.6,0.1016,39.6,0.0528487,115.304
630,15.6,0.1016,39.6,0.0528487,118.084
800,15.6,0.1016,39.6,0.0528487,118.964
1000,15.6,0.1016,39.6,0.0528487,119.22399999999999
1250,15.6,0.1016,39.6,0.0528487,118.214
1600,15.6,0.1016,39.6,0.0528487,114.554
2000,15.6,0.1016,39.6,0.0528487,110.89399999999999
2500,15.6,0.1016,39.6,0.0528487,110.264
3150,15.6,0.1016,39.6,0.0528487,109.25399999999999
4000,15.6,0.1016,39.6,0.0528487,106.604
5000,15.6,0.1016,39.6,0.0528487,106.22399999999999
6300,15.6,0.1016,39.6,0.0528487,104.204
